<?xml version="1.0" encoding="utf-8" ?>
<dwsync>
<file name="Abstract.php" server="kaffl.org/www.kaffl.org/" local="131328562800000000" remote="131339217000000000" />
<file name="CSV.php" server="kaffl.org/www.kaffl.org/" local="131328562800000000" remote="131339217000000000" />
<file name="Excel2007.php" server="kaffl.org/www.kaffl.org/" local="131328562800000000" remote="131339217000000000" />
<file name="Excel5.php" server="kaffl.org/www.kaffl.org/" local="131328562800000000" remote="131339217000000000" />
<file name="Exception.php" server="kaffl.org/www.kaffl.org/" local="131328562800000000" remote="131339217000000000" />
<file name="HTML.php" server="kaffl.org/www.kaffl.org/" local="131328562800000000" remote="131339217000000000" />
<file name="IWriter.php" server="kaffl.org/www.kaffl.org/" local="131328562800000000" remote="131339217000000000" />
<file name="OpenDocument.php" server="kaffl.org/www.kaffl.org/" local="131328562800000000" remote="131339217000000000" />
<file name="PDF.php" server="kaffl.org/www.kaffl.org/" local="131328562800000000" remote="131339217000000000" />
<file name="Abstract.php" server="www.kaffl.org/www.kaffl.org/" local="131328562800000000" remote="132478732200000000" />
<file name="CSV.php" server="www.kaffl.org/www.kaffl.org/" local="131328562800000000" remote="132478732200000000" />
<file name="Excel2007.php" server="www.kaffl.org/www.kaffl.org/" local="131328562800000000" remote="132478732200000000" />
<file name="Excel5.php" server="www.kaffl.org/www.kaffl.org/" local="131328562800000000" remote="132478732200000000" />
<file name="Exception.php" server="www.kaffl.org/www.kaffl.org/" local="131328562800000000" remote="132478732200000000" />
<file name="HTML.php" server="www.kaffl.org/www.kaffl.org/" local="131328562800000000" remote="132478732200000000" />
<file name="IWriter.php" server="www.kaffl.org/www.kaffl.org/" local="131328562800000000" remote="132478732200000000" />
<file name="OpenDocument.php" server="www.kaffl.org/www.kaffl.org/" local="131328562800000000" remote="132478732200000000" />
<file name="PDF.php" server="www.kaffl.org/www.kaffl.org/" local="131328562800000000" remote="132478732200000000" />
</dwsync>