<?xml version="1.0" encoding="utf-8" ?>
<dwsync>
<file name="APC.php" server="kaffl.org/www.kaffl.org/" local="131328562800000000" remote="131339215800000000" />
<file name="CacheBase.php" server="kaffl.org/www.kaffl.org/" local="131328562800000000" remote="131339215800000000" />
<file name="DiscISAM.php" server="kaffl.org/www.kaffl.org/" local="131328562800000000" remote="131339215800000000" />
<file name="ICache.php" server="kaffl.org/www.kaffl.org/" local="131328562800000000" remote="131339215800000000" />
<file name="Igbinary.php" server="kaffl.org/www.kaffl.org/" local="131328562800000000" remote="131339215800000000" />
<file name="Memcache.php" server="kaffl.org/www.kaffl.org/" local="131328562800000000" remote="131339215800000000" />
<file name="Memory.php" server="kaffl.org/www.kaffl.org/" local="131328562800000000" remote="131339215800000000" />
<file name="MemoryGZip.php" server="kaffl.org/www.kaffl.org/" local="131328562800000000" remote="131339215800000000" />
<file name="MemorySerialized.php" server="kaffl.org/www.kaffl.org/" local="131328562800000000" remote="131339215800000000" />
<file name="PHPTemp.php" server="kaffl.org/www.kaffl.org/" local="131328562800000000" remote="131339215800000000" />
<file name="SQLite.php" server="kaffl.org/www.kaffl.org/" local="131328562800000000" remote="131339215800000000" />
<file name="SQLite3.php" server="kaffl.org/www.kaffl.org/" local="131328562800000000" remote="131339215800000000" />
<file name="Wincache.php" server="kaffl.org/www.kaffl.org/" local="131328562800000000" remote="131339215800000000" />
<file name="APC.php" server="www.kaffl.org/www.kaffl.org/" local="131328562800000000" remote="132478731600000000" />
<file name="CacheBase.php" server="www.kaffl.org/www.kaffl.org/" local="131328562800000000" remote="132478731600000000" />
<file name="DiscISAM.php" server="www.kaffl.org/www.kaffl.org/" local="131328562800000000" remote="132478731600000000" />
<file name="ICache.php" server="www.kaffl.org/www.kaffl.org/" local="131328562800000000" remote="132478731600000000" />
<file name="Igbinary.php" server="www.kaffl.org/www.kaffl.org/" local="131328562800000000" remote="132478731600000000" />
<file name="Memcache.php" server="www.kaffl.org/www.kaffl.org/" local="131328562800000000" remote="132478731600000000" />
<file name="Memory.php" server="www.kaffl.org/www.kaffl.org/" local="131328562800000000" remote="132478731600000000" />
<file name="MemoryGZip.php" server="www.kaffl.org/www.kaffl.org/" local="131328562800000000" remote="132478731600000000" />
<file name="MemorySerialized.php" server="www.kaffl.org/www.kaffl.org/" local="131328562800000000" remote="132478731600000000" />
<file name="PHPTemp.php" server="www.kaffl.org/www.kaffl.org/" local="131328562800000000" remote="132478731600000000" />
<file name="SQLite.php" server="www.kaffl.org/www.kaffl.org/" local="131328562800000000" remote="132478731600000000" />
<file name="SQLite3.php" server="www.kaffl.org/www.kaffl.org/" local="131328562800000000" remote="132478731600000000" />
<file name="Wincache.php" server="www.kaffl.org/www.kaffl.org/" local="131328562800000000" remote="132478731600000000" />
</dwsync>