<?xml version="1.0" encoding="utf-8" ?>
<dwsync>
<file name="Abstract.php" server="kaffl.org/www.kaffl.org/" local="131328562800000000" remote="131339216400000000" />
<file name="CSV.php" server="kaffl.org/www.kaffl.org/" local="131328562800000000" remote="131339216400000000" />
<file name="DefaultReadFilter.php" server="kaffl.org/www.kaffl.org/" local="131328562800000000" remote="131339216400000000" />
<file name="Excel2003XML.php" server="kaffl.org/www.kaffl.org/" local="131328562800000000" remote="131339216400000000" />
<file name="Excel2007.php" server="kaffl.org/www.kaffl.org/" local="131328562800000000" remote="131339216400000000" />
<file name="Excel5.php" server="kaffl.org/www.kaffl.org/" local="131328562800000000" remote="131339216400000000" />
<file name="Exception.php" server="kaffl.org/www.kaffl.org/" local="131328562800000000" remote="131339216400000000" />
<file name="Gnumeric.php" server="kaffl.org/www.kaffl.org/" local="131328562800000000" remote="131339216400000000" />
<file name="HTML.php" server="kaffl.org/www.kaffl.org/" local="131328562800000000" remote="131339216400000000" />
<file name="IReader.php" server="kaffl.org/www.kaffl.org/" local="131328562800000000" remote="131339216400000000" />
<file name="IReadFilter.php" server="kaffl.org/www.kaffl.org/" local="131328562800000000" remote="131339216400000000" />
<file name="OOCalc.php" server="kaffl.org/www.kaffl.org/" local="131328562800000000" remote="131339216400000000" />
<file name="SYLK.php" server="kaffl.org/www.kaffl.org/" local="131328562800000000" remote="131339216400000000" />
<file name="Abstract.php" server="www.kaffl.org/www.kaffl.org/" local="131328562800000000" remote="132478732200000000" />
<file name="CSV.php" server="www.kaffl.org/www.kaffl.org/" local="131328562800000000" remote="132478732200000000" />
<file name="DefaultReadFilter.php" server="www.kaffl.org/www.kaffl.org/" local="131328562800000000" remote="132478732200000000" />
<file name="Excel2003XML.php" server="www.kaffl.org/www.kaffl.org/" local="131328562800000000" remote="132478732200000000" />
<file name="Excel2007.php" server="www.kaffl.org/www.kaffl.org/" local="131328562800000000" remote="132478732200000000" />
<file name="Excel5.php" server="www.kaffl.org/www.kaffl.org/" local="131328562800000000" remote="132478732200000000" />
<file name="Exception.php" server="www.kaffl.org/www.kaffl.org/" local="131328562800000000" remote="132478732200000000" />
<file name="Gnumeric.php" server="www.kaffl.org/www.kaffl.org/" local="131328562800000000" remote="132478732200000000" />
<file name="HTML.php" server="www.kaffl.org/www.kaffl.org/" local="131328562800000000" remote="132478732200000000" />
<file name="IReader.php" server="www.kaffl.org/www.kaffl.org/" local="131328562800000000" remote="132478732200000000" />
<file name="IReadFilter.php" server="www.kaffl.org/www.kaffl.org/" local="131328562800000000" remote="132478732200000000" />
<file name="OOCalc.php" server="www.kaffl.org/www.kaffl.org/" local="131328562800000000" remote="132478732200000000" />
<file name="SYLK.php" server="www.kaffl.org/www.kaffl.org/" local="131328562800000000" remote="132478732200000000" />
</dwsync>