<?xml version="1.0" encoding="utf-8" ?>
<dwsync>
<file name="Database.php" server="kaffl.org/www.kaffl.org/" local="131328562800000000" remote="131339215800000000" />
<file name="DateTime.php" server="kaffl.org/www.kaffl.org/" local="131328562800000000" remote="131339215800000000" />
<file name="Engineering.php" server="kaffl.org/www.kaffl.org/" local="131328562800000000" remote="131339215800000000" />
<file name="Exception.php" server="kaffl.org/www.kaffl.org/" local="131328562800000000" remote="131339215800000000" />
<file name="ExceptionHandler.php" server="kaffl.org/www.kaffl.org/" local="131328562800000000" remote="131339215800000000" />
<file name="Financial.php" server="kaffl.org/www.kaffl.org/" local="131328562800000000" remote="131339215800000000" />
<file name="FormulaParser.php" server="kaffl.org/www.kaffl.org/" local="131328562800000000" remote="131339215800000000" />
<file name="FormulaToken.php" server="kaffl.org/www.kaffl.org/" local="131328562800000000" remote="131339215800000000" />
<file name="Function.php" server="kaffl.org/www.kaffl.org/" local="131328562800000000" remote="131339215800000000" />
<file name="functionlist.txt" server="kaffl.org/www.kaffl.org/" local="131328562800000000" remote="131339215800000000" />
<file name="Functions.php" server="kaffl.org/www.kaffl.org/" local="131328562800000000" remote="131339215800000000" />
<file name="Logical.php" server="kaffl.org/www.kaffl.org/" local="131328562800000000" remote="131339215800000000" />
<file name="LookupRef.php" server="kaffl.org/www.kaffl.org/" local="131328562800000000" remote="131339215800000000" />
<file name="MathTrig.php" server="kaffl.org/www.kaffl.org/" local="131328562800000000" remote="131339215800000000" />
<file name="Statistical.php" server="kaffl.org/www.kaffl.org/" local="131328562800000000" remote="131339215800000000" />
<file name="TextData.php" server="kaffl.org/www.kaffl.org/" local="131328562800000000" remote="131339215800000000" />
<file name="Database.php" server="www.kaffl.org/www.kaffl.org/" local="131328562800000000" remote="132478731600000000" />
<file name="DateTime.php" server="www.kaffl.org/www.kaffl.org/" local="131328562800000000" remote="132478731600000000" />
<file name="Engineering.php" server="www.kaffl.org/www.kaffl.org/" local="131328562800000000" remote="132478731600000000" />
<file name="Exception.php" server="www.kaffl.org/www.kaffl.org/" local="131328562800000000" remote="132478731600000000" />
<file name="ExceptionHandler.php" server="www.kaffl.org/www.kaffl.org/" local="131328562800000000" remote="132478731600000000" />
<file name="Financial.php" server="www.kaffl.org/www.kaffl.org/" local="131328562800000000" remote="132478731600000000" />
<file name="FormulaParser.php" server="www.kaffl.org/www.kaffl.org/" local="131328562800000000" remote="132478731600000000" />
<file name="FormulaToken.php" server="www.kaffl.org/www.kaffl.org/" local="131328562800000000" remote="132478731600000000" />
<file name="Function.php" server="www.kaffl.org/www.kaffl.org/" local="131328562800000000" remote="132478731600000000" />
<file name="functionlist.txt" server="www.kaffl.org/www.kaffl.org/" local="131328562800000000" remote="132478731600000000" />
<file name="Functions.php" server="www.kaffl.org/www.kaffl.org/" local="131328562800000000" remote="132478731600000000" />
<file name="Logical.php" server="www.kaffl.org/www.kaffl.org/" local="131328562800000000" remote="132478731600000000" />
<file name="LookupRef.php" server="www.kaffl.org/www.kaffl.org/" local="131328562800000000" remote="132478731600000000" />
<file name="MathTrig.php" server="www.kaffl.org/www.kaffl.org/" local="131328562800000000" remote="132478731600000000" />
<file name="Statistical.php" server="www.kaffl.org/www.kaffl.org/" local="131328562800000000" remote="132478731600000000" />
<file name="TextData.php" server="www.kaffl.org/www.kaffl.org/" local="131328562800000000" remote="132478731600000000" />
</dwsync>