<?xml version="1.0" encoding="utf-8" ?>
<dwsync>
<file name="1pixel.gif" server="www.kaffl.org/www.kaffl.org/" local="131173269000000000" remote="132476101800000000" />
<file name="1_refresh.png" server="www.kaffl.org/www.kaffl.org/" local="131173269000000000" remote="132476101800000000" />
<file name="2_refresh.png" server="www.kaffl.org/www.kaffl.org/" local="131173269000000000" remote="132476101800000000" />
<file name="add.png" server="www.kaffl.org/www.kaffl.org/" local="131173269000000000" remote="132476101800000000" />
<file name="ajax-loader.gif" server="www.kaffl.org/www.kaffl.org/" local="131173269000000000" remote="132476101800000000" />
<file name="alpha-horizontal.png" server="www.kaffl.org/www.kaffl.org/" local="131173269000000000" remote="132476101800000000" />
<file name="alpha.png" server="www.kaffl.org/www.kaffl.org/" local="131173269000000000" remote="132476101800000000" />
<file name="blue-on-32.png" server="www.kaffl.org/www.kaffl.org/" local="131173269000000000" remote="132476101800000000" />
<file name="b_browse.png" server="www.kaffl.org/www.kaffl.org/" local="131173269000000000" remote="132476101800000000" />
<file name="b_cancel.png" server="www.kaffl.org/www.kaffl.org/" local="131173269000000000" remote="132476101800000000" />
<file name="b_db_end.png" server="www.kaffl.org/www.kaffl.org/" local="131173269000000000" remote="132476101800000000" />
<file name="b_db_next.png" server="www.kaffl.org/www.kaffl.org/" local="131173269000000000" remote="132476101800000000" />
<file name="b_db_prev.png" server="www.kaffl.org/www.kaffl.org/" local="131173269000000000" remote="132476101800000000" />
<file name="b_db_start.png" server="www.kaffl.org/www.kaffl.org/" local="131173269000000000" remote="132476101800000000" />
<file name="b_delete.png" server="www.kaffl.org/www.kaffl.org/" local="131173269000000000" remote="132476101800000000" />
<file name="b_drop.png" server="www.kaffl.org/www.kaffl.org/" local="131173269000000000" remote="132476101800000000" />
<file name="b_edit.png" server="www.kaffl.org/www.kaffl.org/" local="131173269000000000" remote="132476101800000000" />
<file name="b_insert.png" server="www.kaffl.org/www.kaffl.org/" local="131173269000000000" remote="132476101800000000" />
<file name="b_print.png" server="www.kaffl.org/www.kaffl.org/" local="131173269000000000" remote="132476101800000000" />
<file name="b_props.png" server="www.kaffl.org/www.kaffl.org/" local="131173269000000000" remote="132476101800000000" />
<file name="b_save.png" server="www.kaffl.org/www.kaffl.org/" local="131173269000000000" remote="132476101800000000" />
<file name="dialog-close.png" server="www.kaffl.org/www.kaffl.org/" local="131173269000000000" remote="132476101800000000" />
<file name="filter.png" server="www.kaffl.org/www.kaffl.org/" local="131173269000000000" remote="132476101800000000" />
<file name="First.gif" server="www.kaffl.org/www.kaffl.org/" local="131173269000000000" remote="132476101800000000" />
<file name="form_edit.png" server="www.kaffl.org/www.kaffl.org/" local="131173269000000000" remote="132476101800000000" />
<file name="green-on-32.png" server="www.kaffl.org/www.kaffl.org/" local="131173269000000000" remote="132476101800000000" />
<file name="hue-horizontal.png" server="www.kaffl.org/www.kaffl.org/" local="131173269000000000" remote="132476101800000000" />
<file name="hue.png" server="www.kaffl.org/www.kaffl.org/" local="131173269000000000" remote="132476101800000000" />
<file name="Info.png" server="www.kaffl.org/www.kaffl.org/" local="131173269000000000" remote="132476101800000000" />
<file name="Last.gif" server="www.kaffl.org/www.kaffl.org/" local="131173269000000000" remote="132476101800000000" />
<file name="led_blue.png" server="www.kaffl.org/www.kaffl.org/" local="131173269000000000" remote="132476101800000000" />
<file name="led_check.png" server="www.kaffl.org/www.kaffl.org/" local="131173269000000000" remote="132476101800000000" />
<file name="led_gray.png" server="www.kaffl.org/www.kaffl.org/" local="131173269000000000" remote="132476101800000000" />
<file name="led_green.png" server="www.kaffl.org/www.kaffl.org/" local="131173269000000000" remote="132476101800000000" />
<file name="led_orange.png" server="www.kaffl.org/www.kaffl.org/" local="131173269000000000" remote="132476101800000000" />
<file name="led_red.png" server="www.kaffl.org/www.kaffl.org/" local="131173269000000000" remote="132476101800000000" />
<file name="led_yellow.png" server="www.kaffl.org/www.kaffl.org/" local="131173269000000000" remote="132476101800000000" />
<file name="Next.gif" server="www.kaffl.org/www.kaffl.org/" local="131173269000000000" remote="132476101800000000" />
<file name="ok_round.png" server="www.kaffl.org/www.kaffl.org/" local="131173269000000000" remote="132476101800000000" />
<file name="PDF.png" server="www.kaffl.org/www.kaffl.org/" local="131173269000000000" remote="132476101800000000" />
<file name="Pics.png" server="www.kaffl.org/www.kaffl.org/" local="131173269000000000" remote="132476101800000000" />
<file name="Previous.gif" server="www.kaffl.org/www.kaffl.org/" local="131173269000000000" remote="132476101800000000" />
<file name="reload.png" server="www.kaffl.org/www.kaffl.org/" local="131173269000000000" remote="132476101800000000" />
<file name="saturation.png" server="www.kaffl.org/www.kaffl.org/" local="131173269000000000" remote="132476101800000000" />
<file name="sort_down.png" server="www.kaffl.org/www.kaffl.org/" local="131173269000000000" remote="132476101800000000" />
<file name="sort_up.png" server="www.kaffl.org/www.kaffl.org/" local="131173269000000000" remote="132476101800000000" />
<file name="XLS.png" server="www.kaffl.org/www.kaffl.org/" local="131173269000000000" remote="132476101800000000" />
</dwsync>