<?xml version="1.0" encoding="utf-8" ?>
<dwsync>
<file name="Color.php" server="kaffl.org/www.kaffl.org/" local="131328562800000000" remote="131339216400000000" />
<file name="ErrorCode.php" server="kaffl.org/www.kaffl.org/" local="131328562800000000" remote="131339216400000000" />
<file name="Escher.php" server="kaffl.org/www.kaffl.org/" local="131328562800000000" remote="131339216400000000" />
<file name="MD5.php" server="kaffl.org/www.kaffl.org/" local="131328562800000000" remote="131339216400000000" />
<file name="RC4.php" server="kaffl.org/www.kaffl.org/" local="131328562800000000" remote="131339216400000000" />
<file name="Color.php" server="www.kaffl.org/www.kaffl.org/" local="131328562800000000" remote="132478732200000000" />
<file name="ErrorCode.php" server="www.kaffl.org/www.kaffl.org/" local="131328562800000000" remote="132478732200000000" />
<file name="Escher.php" server="www.kaffl.org/www.kaffl.org/" local="131328562800000000" remote="132478732200000000" />
<file name="MD5.php" server="www.kaffl.org/www.kaffl.org/" local="131328562800000000" remote="132478732200000000" />
<file name="RC4.php" server="www.kaffl.org/www.kaffl.org/" local="131328562800000000" remote="132478732200000000" />
</dwsync>