<?xml version="1.0" encoding="utf-8" ?>
<dwsync>
<file name="CodePage.php" server="kaffl.org/www.kaffl.org/" local="131328562800000000" remote="131339216400000000" />
<file name="Date.php" server="kaffl.org/www.kaffl.org/" local="131328562800000000" remote="131339216400000000" />
<file name="Drawing.php" server="kaffl.org/www.kaffl.org/" local="131328562800000000" remote="131339216400000000" />
<file name="Escher.php" server="kaffl.org/www.kaffl.org/" local="131328562800000000" remote="131339216400000000" />
<file name="Excel5.php" server="kaffl.org/www.kaffl.org/" local="131328562800000000" remote="131339216400000000" />
<file name="File.php" server="kaffl.org/www.kaffl.org/" local="131328562800000000" remote="131339216400000000" />
<file name="Font.php" server="kaffl.org/www.kaffl.org/" local="131328562800000000" remote="131339216400000000" />
<file name="OLE.php" server="kaffl.org/www.kaffl.org/" local="131328562800000000" remote="131339217000000000" />
<file name="OLERead.php" server="kaffl.org/www.kaffl.org/" local="131328562800000000" remote="131339217000000000" />
<file name="PasswordHasher.php" server="kaffl.org/www.kaffl.org/" local="131328562800000000" remote="131339217000000000" />
<file name="String.php" server="kaffl.org/www.kaffl.org/" local="131328562800000000" remote="131339217000000000" />
<file name="TimeZone.php" server="kaffl.org/www.kaffl.org/" local="131328562800000000" remote="131339217000000000" />
<file name="XMLWriter.php" server="kaffl.org/www.kaffl.org/" local="131328562800000000" remote="131339217000000000" />
<file name="ZipArchive.php" server="kaffl.org/www.kaffl.org/" local="131328562800000000" remote="131339217000000000" />
<file name="ZipStreamWrapper.php" server="kaffl.org/www.kaffl.org/" local="131328562800000000" remote="131339217000000000" />
<file name="CodePage.php" server="www.kaffl.org/www.kaffl.org/" local="131328562800000000" remote="132478732200000000" />
<file name="Date.php" server="www.kaffl.org/www.kaffl.org/" local="131328562800000000" remote="132478732200000000" />
<file name="Drawing.php" server="www.kaffl.org/www.kaffl.org/" local="131328562800000000" remote="132478732200000000" />
<file name="Escher.php" server="www.kaffl.org/www.kaffl.org/" local="131328562800000000" remote="132478732200000000" />
<file name="Excel5.php" server="www.kaffl.org/www.kaffl.org/" local="131328562800000000" remote="132478732200000000" />
<file name="File.php" server="www.kaffl.org/www.kaffl.org/" local="131328562800000000" remote="132478732200000000" />
<file name="Font.php" server="www.kaffl.org/www.kaffl.org/" local="131328562800000000" remote="132478732200000000" />
<file name="OLE.php" server="www.kaffl.org/www.kaffl.org/" local="131328562800000000" remote="132478732200000000" />
<file name="OLERead.php" server="www.kaffl.org/www.kaffl.org/" local="131328562800000000" remote="132478732200000000" />
<file name="PasswordHasher.php" server="www.kaffl.org/www.kaffl.org/" local="131328562800000000" remote="132478732200000000" />
<file name="String.php" server="www.kaffl.org/www.kaffl.org/" local="131328562800000000" remote="132478732200000000" />
<file name="TimeZone.php" server="www.kaffl.org/www.kaffl.org/" local="131328562800000000" remote="132478732200000000" />
<file name="XMLWriter.php" server="www.kaffl.org/www.kaffl.org/" local="131328562800000000" remote="132478732200000000" />
<file name="ZipArchive.php" server="www.kaffl.org/www.kaffl.org/" local="131328562800000000" remote="132478732200000000" />
<file name="ZipStreamWrapper.php" server="www.kaffl.org/www.kaffl.org/" local="131328562800000000" remote="132478732200000000" />
</dwsync>