<?xml version="1.0" encoding="utf-8" ?>
<dwsync>
<file name="Chart.php" server="kaffl.org/www.kaffl.org/" local="131328562800000000" remote="131339217000000000" />
<file name="Comments.php" server="kaffl.org/www.kaffl.org/" local="131328562800000000" remote="131339217000000000" />
<file name="ContentTypes.php" server="kaffl.org/www.kaffl.org/" local="131328562800000000" remote="131339217000000000" />
<file name="DocProps.php" server="kaffl.org/www.kaffl.org/" local="131328562800000000" remote="131339217000000000" />
<file name="Drawing.php" server="kaffl.org/www.kaffl.org/" local="131328562800000000" remote="131339217000000000" />
<file name="Rels.php" server="kaffl.org/www.kaffl.org/" local="131328562800000000" remote="131339217000000000" />
<file name="RelsRibbon.php" server="kaffl.org/www.kaffl.org/" local="131328562800000000" remote="131339217000000000" />
<file name="RelsVBA.php" server="kaffl.org/www.kaffl.org/" local="131328562800000000" remote="131339217000000000" />
<file name="StringTable.php" server="kaffl.org/www.kaffl.org/" local="131328562800000000" remote="131339217000000000" />
<file name="Style.php" server="kaffl.org/www.kaffl.org/" local="131328562800000000" remote="131339217000000000" />
<file name="Theme.php" server="kaffl.org/www.kaffl.org/" local="131328562800000000" remote="131339217000000000" />
<file name="Workbook.php" server="kaffl.org/www.kaffl.org/" local="131328562800000000" remote="131339217000000000" />
<file name="Worksheet.php" server="kaffl.org/www.kaffl.org/" local="131328562800000000" remote="131339217000000000" />
<file name="WriterPart.php" server="kaffl.org/www.kaffl.org/" local="131328562800000000" remote="131339217000000000" />
<file name="Chart.php" server="www.kaffl.org/www.kaffl.org/" local="131328562800000000" remote="132478732200000000" />
<file name="Comments.php" server="www.kaffl.org/www.kaffl.org/" local="131328562800000000" remote="132478732200000000" />
<file name="ContentTypes.php" server="www.kaffl.org/www.kaffl.org/" local="131328562800000000" remote="132478732200000000" />
<file name="DocProps.php" server="www.kaffl.org/www.kaffl.org/" local="131328562800000000" remote="132478732200000000" />
<file name="Drawing.php" server="www.kaffl.org/www.kaffl.org/" local="131328562800000000" remote="132478732200000000" />
<file name="Rels.php" server="www.kaffl.org/www.kaffl.org/" local="131328562800000000" remote="132478732200000000" />
<file name="RelsRibbon.php" server="www.kaffl.org/www.kaffl.org/" local="131328562800000000" remote="132478732200000000" />
<file name="RelsVBA.php" server="www.kaffl.org/www.kaffl.org/" local="131328562800000000" remote="132478732200000000" />
<file name="StringTable.php" server="www.kaffl.org/www.kaffl.org/" local="131328562800000000" remote="132478732200000000" />
<file name="Style.php" server="www.kaffl.org/www.kaffl.org/" local="131328562800000000" remote="132478732200000000" />
<file name="Theme.php" server="www.kaffl.org/www.kaffl.org/" local="131328562800000000" remote="132478732200000000" />
<file name="Workbook.php" server="www.kaffl.org/www.kaffl.org/" local="131328562800000000" remote="132478732200000000" />
<file name="Worksheet.php" server="www.kaffl.org/www.kaffl.org/" local="131328562800000000" remote="132478732200000000" />
<file name="WriterPart.php" server="www.kaffl.org/www.kaffl.org/" local="131328562800000000" remote="132478732200000000" />
</dwsync>