<?xml version="1.0" encoding="utf-8" ?>
<dwsync>
<file name="bestFitClass.php" server="kaffl.org/www.kaffl.org/" local="131328562800000000" remote="131339217000000000" />
<file name="exponentialBestFitClass.php" server="kaffl.org/www.kaffl.org/" local="131328562800000000" remote="131339217000000000" />
<file name="linearBestFitClass.php" server="kaffl.org/www.kaffl.org/" local="131328562800000000" remote="131339217000000000" />
<file name="logarithmicBestFitClass.php" server="kaffl.org/www.kaffl.org/" local="131328562800000000" remote="131339217000000000" />
<file name="polynomialBestFitClass.php" server="kaffl.org/www.kaffl.org/" local="131328562800000000" remote="131339217000000000" />
<file name="powerBestFitClass.php" server="kaffl.org/www.kaffl.org/" local="131328562800000000" remote="131339217000000000" />
<file name="trendClass.php" server="kaffl.org/www.kaffl.org/" local="131328562800000000" remote="131339217000000000" />
<file name="bestFitClass.php" server="www.kaffl.org/www.kaffl.org/" local="131328562800000000" remote="132478732200000000" />
<file name="exponentialBestFitClass.php" server="www.kaffl.org/www.kaffl.org/" local="131328562800000000" remote="132478732200000000" />
<file name="linearBestFitClass.php" server="www.kaffl.org/www.kaffl.org/" local="131328562800000000" remote="132478732200000000" />
<file name="logarithmicBestFitClass.php" server="www.kaffl.org/www.kaffl.org/" local="131328562800000000" remote="132478732200000000" />
<file name="polynomialBestFitClass.php" server="www.kaffl.org/www.kaffl.org/" local="131328562800000000" remote="132478732200000000" />
<file name="powerBestFitClass.php" server="www.kaffl.org/www.kaffl.org/" local="131328562800000000" remote="132478732200000000" />
<file name="trendClass.php" server="www.kaffl.org/www.kaffl.org/" local="131328562800000000" remote="132478732200000000" />
</dwsync>