<?xml version="1.0" encoding="utf-8" ?>
<dwsync>
<file name="Core.php" server="kaffl.org/www.kaffl.org/" local="131328562800000000" remote="131339217000000000" />
<file name="DomPDF.php" server="kaffl.org/www.kaffl.org/" local="131328562800000000" remote="131339217000000000" />
<file name="mPDF.php" server="kaffl.org/www.kaffl.org/" local="131328562800000000" remote="131339217000000000" />
<file name="tcPDF.php" server="kaffl.org/www.kaffl.org/" local="131328562800000000" remote="131339217000000000" />
<file name="Core.php" server="www.kaffl.org/www.kaffl.org/" local="131328562800000000" remote="132478732200000000" />
<file name="DomPDF.php" server="www.kaffl.org/www.kaffl.org/" local="131328562800000000" remote="132478732200000000" />
<file name="mPDF.php" server="www.kaffl.org/www.kaffl.org/" local="131328562800000000" remote="132478732200000000" />
<file name="tcPDF.php" server="www.kaffl.org/www.kaffl.org/" local="131328562800000000" remote="132478732200000000" />
</dwsync>