<?xml version="1.0" encoding="utf-8" ?>
<dwsync>
<file name="CHANGELOG.TXT" server="kaffl.org/www.kaffl.org/" local="131328562800000000" remote="131339216400000000" />
<file name="CholeskyDecomposition.php" server="kaffl.org/www.kaffl.org/" local="131328562800000000" remote="131339216400000000" />
<file name="EigenvalueDecomposition.php" server="kaffl.org/www.kaffl.org/" local="131328562800000000" remote="131339216400000000" />
<file name="LUDecomposition.php" server="kaffl.org/www.kaffl.org/" local="131328562800000000" remote="131339216400000000" />
<file name="Matrix.php" server="kaffl.org/www.kaffl.org/" local="131328562800000000" remote="131339216400000000" />
<file name="QRDecomposition.php" server="kaffl.org/www.kaffl.org/" local="131328562800000000" remote="131339216400000000" />
<file name="SingularValueDecomposition.php" server="kaffl.org/www.kaffl.org/" local="131328562800000000" remote="131339216400000000" />
<file name="CHANGELOG.TXT" server="www.kaffl.org/www.kaffl.org/" local="131328562800000000" remote="132478732200000000" />
<file name="CholeskyDecomposition.php" server="www.kaffl.org/www.kaffl.org/" local="131328562800000000" remote="132478732200000000" />
<file name="EigenvalueDecomposition.php" server="www.kaffl.org/www.kaffl.org/" local="131328562800000000" remote="132478732200000000" />
<file name="LUDecomposition.php" server="www.kaffl.org/www.kaffl.org/" local="131328562800000000" remote="132478732200000000" />
<file name="Matrix.php" server="www.kaffl.org/www.kaffl.org/" local="131328562800000000" remote="132478732200000000" />
<file name="QRDecomposition.php" server="www.kaffl.org/www.kaffl.org/" local="131328562800000000" remote="132478732200000000" />
<file name="SingularValueDecomposition.php" server="www.kaffl.org/www.kaffl.org/" local="131328562800000000" remote="132478732200000000" />
</dwsync>