<?xml version="1.0" encoding="utf-8" ?>
<dwsync>
<file name="Axis.php" server="kaffl.org/www.kaffl.org/" local="131328562800000000" remote="131339215800000000" />
<file name="DataSeries.php" server="kaffl.org/www.kaffl.org/" local="131328562800000000" remote="131339215800000000" />
<file name="DataSeriesValues.php" server="kaffl.org/www.kaffl.org/" local="131328562800000000" remote="131339215800000000" />
<file name="Exception.php" server="kaffl.org/www.kaffl.org/" local="131328562800000000" remote="131339215800000000" />
<file name="GridLines.php" server="kaffl.org/www.kaffl.org/" local="131328562800000000" remote="131339215800000000" />
<file name="Layout.php" server="kaffl.org/www.kaffl.org/" local="131328562800000000" remote="131339215800000000" />
<file name="Legend.php" server="kaffl.org/www.kaffl.org/" local="131328562800000000" remote="131339215800000000" />
<file name="PlotArea.php" server="kaffl.org/www.kaffl.org/" local="131328562800000000" remote="131339215800000000" />
<file name="Properties.php" server="kaffl.org/www.kaffl.org/" local="131328562800000000" remote="131339215800000000" />
<file name="Title.php" server="kaffl.org/www.kaffl.org/" local="131328562800000000" remote="131339215800000000" />
<file name="Axis.php" server="www.kaffl.org/www.kaffl.org/" local="131328562800000000" remote="132478731600000000" />
<file name="DataSeries.php" server="www.kaffl.org/www.kaffl.org/" local="131328562800000000" remote="132478731600000000" />
<file name="DataSeriesValues.php" server="www.kaffl.org/www.kaffl.org/" local="131328562800000000" remote="132478731600000000" />
<file name="Exception.php" server="www.kaffl.org/www.kaffl.org/" local="131328562800000000" remote="132478731600000000" />
<file name="GridLines.php" server="www.kaffl.org/www.kaffl.org/" local="131328562800000000" remote="132478731600000000" />
<file name="Layout.php" server="www.kaffl.org/www.kaffl.org/" local="131328562800000000" remote="132478731600000000" />
<file name="Legend.php" server="www.kaffl.org/www.kaffl.org/" local="131328562800000000" remote="132478731600000000" />
<file name="PlotArea.php" server="www.kaffl.org/www.kaffl.org/" local="131328562800000000" remote="132478731600000000" />
<file name="Properties.php" server="www.kaffl.org/www.kaffl.org/" local="131328562800000000" remote="132478731600000000" />
<file name="Title.php" server="www.kaffl.org/www.kaffl.org/" local="131328562800000000" remote="132478731600000000" />
</dwsync>