<?xml version="1.0" encoding="utf-8" ?>
<dwsync>
<file name="AdvancedValueBinder.php" server="kaffl.org/www.kaffl.org/" local="131328562800000000" remote="131339215800000000" />
<file name="DataType.php" server="kaffl.org/www.kaffl.org/" local="131328562800000000" remote="131339215800000000" />
<file name="DataValidation.php" server="kaffl.org/www.kaffl.org/" local="131328562800000000" remote="131339215800000000" />
<file name="DefaultValueBinder.php" server="kaffl.org/www.kaffl.org/" local="131328562800000000" remote="131339215800000000" />
<file name="Hyperlink.php" server="kaffl.org/www.kaffl.org/" local="131328562800000000" remote="131339215800000000" />
<file name="IValueBinder.php" server="kaffl.org/www.kaffl.org/" local="131328562800000000" remote="131339215800000000" />
<file name="AdvancedValueBinder.php" server="www.kaffl.org/www.kaffl.org/" local="131328562800000000" remote="132478731600000000" />
<file name="DataType.php" server="www.kaffl.org/www.kaffl.org/" local="131328562800000000" remote="132478731600000000" />
<file name="DataValidation.php" server="www.kaffl.org/www.kaffl.org/" local="131328562800000000" remote="132478731600000000" />
<file name="DefaultValueBinder.php" server="www.kaffl.org/www.kaffl.org/" local="131328562800000000" remote="132478731600000000" />
<file name="Hyperlink.php" server="www.kaffl.org/www.kaffl.org/" local="131328562800000000" remote="132478731600000000" />
<file name="IValueBinder.php" server="www.kaffl.org/www.kaffl.org/" local="131328562800000000" remote="132478731600000000" />
</dwsync>